Workbook
Name Slicer_Constituency: #N/A
Name Slicer_Party: #N/A
Name Slicer_Result2: #N/A
Name Slicer_State2: #N/A

Sheet GE_2024_Results1
A1: ID | B1: State | C1: Constituency | D1: Candidate | E1: Party | F1: EVM Votes | G1: Postal Votes | H1: Total Votes | I1: % of Votes | J1: Result
A2: 1 | B2: Andaman & Nicobar Islands | C2: Andaman & Nicobar Islands | D2: BISHNU PADA RAY | E2: Bharatiya Janata Party | F2: 102182 | G2: 254 | H2: 102436 | I2: 50.58 | J2: Won
A3: 2 | B3: Andaman & Nicobar Islands | C3: Andaman & Nicobar Islands | D3: KULDEEP RAI SHARMA | E3: Indian National Congress | F3: 77829 | G3: 211 | H3: 78040 | I3: 38.54 | J3: Lost
A4: 3 | B4: Andaman & Nicobar Islands | C4: Andaman & Nicobar Islands | D4: MANOJ PAUL | E4: Andaman Nicobar Democratic Congress | F4: 8236 | G4: 18 | H4: 8254 | I4: 4.08 | J4: Lost
A5: 4 | B5: Andaman & Nicobar Islands | C5: Andaman & Nicobar Islands | D5: D AYYAPPAN | E5: Communist Party of India (Marxist) | F5: 6009 | G5: 8 | H5: 6017 | I5: 2.97 | J5: Lost
A6: 5 | B6: Andaman & Nicobar Islands | C6: Andaman & Nicobar Islands | D6: V.K. ABDUL AZIZ | E6: Independent | F6: 2195 | G6: 8 | H6: 2203 | I6: 1.09 | J6: Lost
A7: 6 | B7: Andaman & Nicobar Islands | C7: Andaman & Nicobar Islands | D7: K J B SELVARAJ | E7: All India Anna Dravida Munnetra Kazhagam | F7: 911 | G7: 3 | H7: 914 | I7: 0.45 | J7: Lost
A8: 7 | B8: Andaman & Nicobar Islands | C8: Andaman & Nicobar Islands | D8: DR ARUN KUMAR MALLIK | E8: Bahujan Samaj Party | F8: 714 | G8: 5 | H8: 719 | I8: 0.36 | J8: Lost
A9: 8 | B9: Andaman & Nicobar Islands | C9: Andaman & Nicobar Islands | D9: RINKU MALA MONDAL | E9: Independent | F9: 539 | G9: 3 | H9: 542 | I9: 0.27 | J9: Lost
A10: 9 | B10: Andaman & Nicobar Islands | C10: Andaman & Nicobar Islands | D10: K VENKAT RAM BABU | E10: Independent | F10: 506 | G10: 1 | H10: 507 | I10: 0.25 | J10: Lost
A11: 10 | B11: Andaman & Nicobar Islands | C11: Andaman & Nicobar Islands | D11: USHA KUMARI | E11: Independent | F11: 378 | G11: 2 | H11: 380 | I11: 0.19 | J11: Lost
A12: 11 | B12: Andaman & Nicobar Islands | C12: Andaman & Nicobar Islands | D12: SALAMAT MONDAL | E12: Socialist Unity Centre Of India (COMMUNIST) | F12: 349 | G12: 2 | H12: 351 | I12: 0.17 | J12: Lost
A13: 12 | B13: Andaman & Nicobar Islands | C13: Andaman & Nicobar Islands | D13: ANAND RAMNATH ARLEKAR | E13: Independent | F13: 342 | G13: - | H13: 342 | I13: 0.17 | J13: Lost
A14: 13 | B14: Andaman & Nicobar Islands | C14: Andaman & Nicobar Islands | D14: NOTA | E14: None of the Above | F14: 1802 | G14: 7 | H14: 1809 | I14: 0.89 | J14: Lost
A15: 14 | B15: Andhra Pradesh | C15: Amalapuram (SC) | D15: G M HARISH (BALAYOGI) | E15: Telugu Desam | F15: 786149 | G15: 10832 | H15: 796981 | I15: 61.25 | J15: Won
A16: 15 | B16: Andhra Pradesh | C16: Amalapuram (SC) | D16: RAPAKA VARAPRASADA RAO | E16: Yuvajana Sramika Rythu Congress Party | F16: 450362 | G16: 4423 | H16: 454785 | I16: 34.95 | J16: Lost
A17: 16 | B17: Andhra Pradesh | C17: Amalapuram (SC) | D17: GOUTHAM JANGA | E17: Indian National Congress | F17: 14523 | G17: 559 | H17: 15082 | I17: 1.16 | J17: Lost
A18: 17 | B18: Andhra Pradesh | C18: Amalapuram (SC) | D18: DORABABU YALLA | E18: Bahujan Samaj Party | F18: 5202 | G18: 186 | H18: 5388 | I18: 0.41 | J18: Lost
A19: 18 | B19: Andhra Pradesh | C19: Amalapuram (SC) | D19: KATRU NAGA BABU | E19: Telugu Nava Garjana Party | F19: 3736 | G19: 5 | H19: 3741 | I19: 0.29 | J19: Lost
A20: 19 | B20: Andhra Pradesh | C20: Amalapuram (SC) | D20: VADDI LALITH KUMAR | E20: Independent | F20: 2974 | G20: 3 | H20: 2977 | I20: 0.23 | J20: Lost
A21: 20 | B21: Andhra Pradesh | C21: Amalapuram (SC) | D21: MAKEY DAVY PRASAD | E21: Independent | F21: 2104 | G21: 7 | H21: 2111 | I21: 0.16 | J21: Lost
A22: 21 | B22: Andhra Pradesh | C22: Amalapuram (SC) | D22: GUDE VENKATESWARULU | E22: Independent | F22: 1741 | G22: 4 | H22: 1745 | I22: 0.13 | J22: Lost
A23: 22 | B23: Andhra Pradesh | C23: Amalapuram (SC) | D23: RAMESH JILLELLA | E23: Jatiya Jana Sena Party | F23: 866 | G23: 6 | H23: 872 | I23: 0.07 | J23: Lost
A24: 23 | B24: Andhra Pradesh | C24: Amalapuram (SC) | D24: YALANGI RAMESH | E24: Jaibhim Rao Bharat Party | F24: 738 | G24: 2 | H24: 740 | I24: 0.06 | J24: Lost
A25: 24 | B25: Andhra Pradesh | C25: Amalapuram (SC) | D25: MATHA KRISHNA | E25: Pyramid Party of India | F25: 718 | G25: 1 | H25: 719 | I25: 0.06 | J25: Lost
... A144: 143 | B144: Andhra Pradesh | C144: Guntur | D144: HARI VENKATA SATISH KURNALA | E144: Jai Bharat National Party | F144: 540 | G144: 2 | H144: 542 | I144: 0.04 | J144: Lost
A145: 144 | B145: Andhra Pradesh | C145: Guntur | D145: VISHNU REDDY LANKIREDDY | E145: Bengaluru Nava Nirmana Party | F145: 461 | G145: - | H145: 461 | I145: 0.03 | J145: Lost
A146: 145 | B146: Andhra Pradesh | C146: Guntur | D146: EMANI. CHANDRASEKHAR RAO | E146: Navodayam Party | F146: 409 | G146: 5 | H146: 414 | I146: 0.03 | J146: Lost
A147: 146 | B147: Andhra Pradesh | C147: Guntur | D147: SHAIK. KHAJAVALI | E147: Independent | F147: 387 | G147: 4 | H147: 391 | I147: 0.03 | J147: Lost
A148: 147 | B148: Andhra Pradesh | C148: Guntur | D148: CHALLAPALLI RATAN RAJU | E148: Viduthalai Chiruthaigal Katchi | F148: 374 | G148: 4 | H148: 378 | I148: 0.03 | J148: Lost
A149: 148 | B149: Andhra Pradesh | C149: Guntur | D149: KANNEBOYINA VAMSI KRISHNA YADAV | E149: Independent | F149: 368 | G149: 7 | H149: 375 | I149: 0.03 | J149: Lost
A150: 149 | B150: Andhra Pradesh | C150: Guntur | D150: MOHAMMAD KHAJA MOINUDDIN CHISTI PASHA | E150: Andhra Pradesh Rashtra Samithi | F150: 353 | G150: 5 | H150: 358 | I150: 0.03 | J150: Lost
A151: 150 | B151: Andhra Pradesh | C151: Guntur | D151: GAYATRI AUDHIPUDI | E151: Independent | F151: 350 | G151: 7 | H151: 357 | I151: 0.03 | J151: Lost
A152: 151 | B152: Andhra Pradesh | C152: Guntur | D152: ASHOK ANAND GALI | E152: Independent | F152: 335 | G152: - | H152: 335 | I152: 0.02 | J152: Lost
A153: 152 | B153: Andhra Pradesh | C153: Guntur | D153: SHAIK ASLAM AKTHER | E153: Independent | F153: 334 | G153: 1 | H153: 335 | I153: 0.02 | J153: Lost
A154: 153 | B154: Andhra Pradesh | C154: Guntur | D154: PATHAN KHAJA (BASHA) | E154: Telugu Rajadhikara Samiti Party | F154: 328 | G154: 4 | H154: 332 | I154: 0.02 | J154: Lost
A155: 154 | B155: Andhra Pradesh | C155: Guntur | D155: AMARTHALURI VENKATESWARA RAO. | E155: Marxist Communist Party of India (United) | F155: 308 | G155: 4 | H155: 312 | I155: 0.02 | J155: Lost
A156: 155 | B156: Andhra Pradesh | C156: Guntur | D156: DR. RAYAPUDI RAJESH VIJAY KUMAR | E156: Indian Labour Party (Ambedkar Phule) | F156: 306 | G156: 4 | H156: 310 | I156: 0.02 | J156: Lost
A157: 156 | B157: Andhra Pradesh | C157: Guntur | D157: BURAGA RATNAM | E157: Loktantrik Janta Dal | F157: 304 | G157: 12 | H157: 316 | I157: 0.02 | J157: Lost
A158: 157 | B158: Andhra Pradesh | C158: Guntur | D158: VANKAYALAPATI VENKATA SIVA RAMANJANEYULU | E158: Independent | F158: 268 | G158: - | H158: 268 | I158: 0.02 | J158: Lost
A159: 158 | B159: Andhra Pradesh | C159: Guntur | D159: SIVA PARVATHI | E159: Independent | F159: 262 | G159: 4 | H159: 266 | I159: 0.02 | J159: Lost
A160: 159 | B160: Andhra Pradesh | C160: Guntur | D160: BOMMASANI MUTYALA RAO | E160: All Peoples Party | F160: 200 | G160: 7 | H160: 207 | I160: 0.01 | J160: Lost
A161: 160 | B161: Andhra Pradesh | C161: Guntur | D161: SRIKRISHNA AKKISETTI | E161: Independent | F161: 179 | G161: - | H161: 179 | I161: 0.01 | J161: Lost
A162: 161 | B162: Andhra Pradesh | C162: Guntur | D162: MADAVARAPU NAGA RAJU | E162: Independent | F162: 172 | G162: - | H162: 172 | I162: 0.01 | J162: Lost
A163: 162 | B163: Andhra Pradesh | C163: Guntur | D163: NOTA | E163: None of the Above | F163: 7210 | G163: 177 | H163: 7387 | I163: 0.52 | J163: Lost
A164: 163 | B164: Andhra Pradesh | C164: Hindupur | D164: B K PARTHASARATHI | E164: Telugu Desam | F164: 713013 | G164: 12521 | H164: 725534 | I164: 51.23 | J164: Won
A165: 164 | B165: Andhra Pradesh | C165: Hindupur | D165: J SHANTHA | E165: Yuvajana Sramika Rythu Congress Party | F165: 587406 | G165: 5701 | H165: 593107 | I165: 41.88 | J165: Lost
A166: 165 | B166: Andhra Pradesh | C166: Hindupur | D166: B A SAMAD SHAHEEN | E166: Indian National Congress | F166: 53989 | G166: 1070 | H166: 55059 | I166: 3.89 | J166: Lost
A167: 166 | B167: Andhra Pradesh | C167: Hindupur | D167: BHAGYA R S | E167: Bahujan Samaj Party | F167: 7949 | G167: 66 | H167: 8015 | I167: 0.57 | J167: Lost
A168: 167 | B168: Andhra Pradesh | C168: Hindupur | D168: PRATHAP REDDY GORLA | E168: Independent | F168: 5380 | G168: 64 | H168: 5444 | I168: 0.38 | J168: Lost
A169: 168 | B169: Andhra Pradesh | C169: Hindupur | D169: H D HANUMANTHE GOWD | E169: Independent | F169: 2270 | G169: 8 | H169: 2278 | I169: 0.16 | J169: Lost
A170: 169 | B170: Andhra Pradesh | C170: Hindupur | D170: ANJINAPPA GARI SREENIVASULU | E170: Revolutionary Socialist Party | F170: 2045 | G170: 6 | H170: 2051 | I170: 0.14 | J170: Lost
A171: 170 | B171: Andhra Pradesh | C171: Hindupur | D171: S N SURESH | E171: Independent | F171: 1611 | G171: 20 | H171: 1631 | I171: 0.12 | J171: Lost
A172: 171 | B172: Andhra Pradesh | C172: Hindupur | D172: DASAGANIPALLI KULLAYAPPA | E172: Independent | F172: 1317 | G172: 11 | H172: 1328 | I172: 0.09 | J172: Lost
A173: 172 | B173: Andhra Pradesh | C173: Hindupur | D173: ASHOK | E173: Socialist Unity Centre Of India (COMMUNIST) | F173: 1282 | G173: 10 | H173: 1292 | I173: 0.09 | J173: Lost
A174: 173 | B174: Andhra Pradesh | C174: Hindupur | D174: T SUDHAKAR REDDY | E174: Independent | F174: 1227 | G174: 10 | H174: 1237 | I174: 0.09 | J174: Lost
... A204: 203 | B204: Andhra Pradesh | C204: Kakinada | D204: YENUGUPALLI KRISHNA | E204: Jaibhim Rao Bharat Party | F204: 1762 | G204: 18 | H204: 1780 | I204: 0.13 | J204: Lost
A205: 204 | B205: Andhra Pradesh | C205: Kakinada | D205: BODDETI APPARAO | E205: Independent | F205: 1687 | G205: - | H205: 1687 | I205: 0.13 | J205: Lost
A206: 205 | B206: Andhra Pradesh | C206: Kakinada | D206: NEELAKANTAM DONAM | E206: Independent | F206: 1401 | G206: 11 | H206: 1412 | I206: 0.11 | J206: Lost
A207: 206 | B207: Andhra Pradesh | C207: Kakinada | D207: PASUPULETI S.V.S.BHUSHANAM | E207: Independent | F207: 1222 | G207: 5 | H207: 1227 | I207: 0.09 | J207: Lost
A208: 207 | B208: Andhra Pradesh | C208: Kakinada | D208: NOTA | E208: None of the Above | F208: 17105 | G208: 115 | H208: 17220 | I208: 1.29 | J208: Lost
A209: 208 | B209: Andhra Pradesh | C209: Kurnoolu | D209: BASTIPATI NAGARAJU PANCHALINGALA | E209: Telugu Desam | F209: 650335 | G209: 8579 | H209: 658914 | I209: 49.51 | J209: Won
A210: 209 | B210: Andhra Pradesh | C210: Kurnoolu | D210: B Y RAMAIAH | E210: Yuvajana Sramika Rythu Congress Party | F210: 543801 | G210: 3815 | H210: 547616 | I210: 41.15 | J210: Lost
A211: 210 | B211: Andhra Pradesh | C211: Kurnoolu | D211: P.G.RAMPULLAIAH YADAV LUCKY-2 | E211: Indian National Congress | F211: 68972 | G211: 1401 | H211: 70373 | I211: 5.29 | J211: Lost
A212: 211 | B212: Andhra Pradesh | C212: Kurnoolu | D212: MANCHALA LAKSHMI NARAYANA | E212: Bahujan Samaj Party | F212: 8533 | G212: 56 | H212: 8589 | I212: 0.65 | J212: Lost
A213: 212 | B213: Andhra Pradesh | C213: Kurnoolu | D213: BOYA SURESH | E213: Independent | F213: 5891 | G213: 9 | H213: 5900 | I213: 0.44 | J213: Lost
A214: 213 | B214: Andhra Pradesh | C214: Kurnoolu | D214: T. BEECHUPALLI | E214: Independent | F214: 5125 | G214: 2 | H214: 5127 | I214: 0.39 | J214: Lost
A215: 214 | B215: Andhra Pradesh | C215: Kurnoolu | D215: VIJAYA BHASKAR .REDDYPOGU | E215: Independent | F215: 3504 | G215: 4 | H215: 3508 | I215: 0.26 | J215: Lost
A216: 215 | B216: Andhra Pradesh | C216: Kurnoolu | D216: PAGADALA KODANDA | E216: Independent | F216: 3070 | G216: 6 | H216: 3076 | I216: 0.23 | J216: Lost
A217: 216 | B217: Andhra Pradesh | C217: Kurnoolu | D217: DEVARAPOGU MADDILETY | E217: Independent | F217: 2576 | G217: 6 | H217: 2582 | I217: 0.19 | J217: Lost
... A250: 249 | B250: Andhra Pradesh | C250: Nandyal | D250: HAFIZ ATAULLAH KHAN | E250: Social Democratic Party Of India | F250: 6858 | G250: 74 | H250: 6932 | I250: 0.49 | J250: Lost
A251: 250 | B251: Andhra Pradesh | C251: Nandyal | D251: KOMMUSANI PEDDA KAMBAGIRI SWAMY | E251: Independent | F251: 4633 | G251: - | H251: 4633 | I251: 0.33 | J251: Lost
A252: 251 | B252: Andhra Pradesh | C252: Nandyal | D252: GAGGERA VENKATA RAMANAIAH | E252: Independent | F252: 3027 | G252: 4 | H252: 3031 | I252: 0.22 | J252: Lost
A253: 252 | B253: Andhra Pradesh | C253: Nandyal | D253: DUMAVATH SWAMY NAIK | E253: Independent | F253: 2348 | G253: 10 | H253: 2358 | I253: 0.17 | J253: Lost
A254: 253 | B254: Andhra Pradesh | C254: Nandyal | D254: KUNUKUNTLA RAMUDU | E254: Independent | F254: 1408 | G254: 5 | H254: 1413 | I254: 0.1 | J254: Lost
A255: 254 | B255: Andhra Pradesh | C255: Nandyal | D255: E ANIL KUMAR | E255: Independent | F255: 1332 | G255: 2 | H255: 1334 | I255: 0.09 | J255: Lost
A256: 255 | B256: Andhra Pradesh | C256: Nandyal | D256: C SURENDRA NATHA REDDY | E256: Independent | F256: 1267 | G256: 1 | H256: 1268 | I256: 0.09 | J256: Lost
A257: 256 | B257: Andhra Pradesh | C257: Nandyal | D257: BRAHMANANDA REDDY K | E257: Independent | F257: 1261 | G257: 11 | H257: 1272 | I257: 0.09 | J257: Lost
A258: 257 | B258: Andhra Pradesh | C258: Nandyal | D258: UPPU SUBBARAYUDU | E258: Jaathia Chethi Vruthula Ikya Vedika Party | F258: 785 | G258: 6 | H258: 791 | I258: 0.06 | J258: Lost
A259: 258 | B259: Andhra Pradesh | C259: Nandyal | D259: NAGESWARA RAO | E259: Independent | F259: 678 | G259: 2 | H259: 680 | I259: 0.05 | J259: Lost
A260: 259 | B260: Andhra Pradesh | C260: Nandyal | D260: VIJAYA BHASKAR REDDYPOGU | E260: Independent | F260: 641 | G260: - | H260: 641 | I260: 0.05 | J260: Lost
A261: 260 | B261: Andhra Pradesh | C261: Nandyal | D261: YELAMPALLE GOVARDHAN REDDY | E261: All India Forward Bloc | F261: 638 | G261: 4 | H261: 642 | I261: 0.05 | J261: Lost
A262: 261 | B262: Andhra Pradesh | C262: Nandyal | D262: BHUMA VEERA BHADRA REDDY | E262: Navarang Congress Party | F262: 630 | G262: 16 | H262: 646 | I262: 0.05 | J262: Lost
A263: 262 | B263: Andhra Pradesh | C263: Nandyal | D263: PANDU RANGA YADAV SIDDAPU | E263: Samajwadi Party | F263: 594 | G263: 11 | H263: 605 | I263: 0.04 | J263: Lost
A264: 263 | B264: Andhra Pradesh | C264: Nandyal | D264: CHANDINI REDDY VAKATI | E264: Liberation Congress Party | F264: 546 | G264: 10 | H264: 556 | I264: 0.04 | J264: Lost
A265: 264 | B265: Andhra Pradesh | C265: Nandyal | D265: B C RAMANADHA AREDDY | E265: Independent | F265: 472 | G265: - | H265: 472 | I265: 0.03 | J265: Lost
A266: 265 | B266: Andhra Pradesh | C266: Nandyal | D266: GAJULA SHALIMIYA | E266: Anna YSR Congress Party | F266: 468 | G266: 18 | H266: 486 | I266: 0.03 | J266: Lost
A267: 266 | B267: Andhra Pradesh | C267: Nandyal | D267: KULURU RAMA KRISHNA REDDY | E267: Neethi Nijayithi Party | F267: 428 | G267: 2 | H267: 430 | I267: 0.03 | J267: Lost
A268: 267 | B268: Andhra Pradesh | C268: Nandyal | D268: CH P MALLESWARUDU | E268: Independent | F268: 417 | G268: 4 | H268: 421 | I268: 0.03 | J268: Lost
A269: 268 | B269: Andhra Pradesh | C269: Nandyal | D269: I V PAKKIR REDDY | E269: Independent | F269: 408 | G269: 2 | H269: 410 | I269: 0.03 | J269: Lost
A270: 269 | B270: Andhra Pradesh | C270: Nandyal | D270: V MADHUSUDHANA REDDY | E270: Independent | F270: 399 | G270: 2 | H270: 401 | I270: 0.03 | J270: Lost
A271: 270 | B271: Andhra Pradesh | C271: Nandyal | D271: BUSHAKU MAHESWARA REDDY | E271: Independent | F271: 390 | G271: - | H271: 390 | I271: 0.03 | J271: Lost
A272: 271 | B272: Andhra Pradesh | C272: Nandyal | D272: U P MUNI REDDY | E272: Independent | F272: 376 | G272: - | H272: 376 | I272: 0.03 | J272: Lost
A273: 272 | B273: Andhra Pradesh | C273: Nandyal | D273: GOGULA SUGUNAMMA | E273: Jai Maha Bharath Party | F273: 375 | G273: 4 | H273: 379 | I273: 0.03 | J273: Lost
A274: 273 | B274: Andhra Pradesh | C274: Nandyal | D274: BELLAMKONDA SREENIVASULU | E274: Independent | F274: 352 | G274: 1 | H274: 353 | I274: 0.03 | J274: Lost
A275: 274 | B275: Andhra Pradesh | C275: Nandyal | D275: BALIJA SHIVA KUMAR | E275: Independent | F275: 288 | G275: - | H275: 288 | I275: 0.02 | J275: Lost
A276: 275 | B276: Andhra Pradesh | C276: Nandyal | D276: NOTA | E276: None of the Above | F276: 10538 | G276: 159 | H276: 10697 | I276: 0.76 | J276: Lost
A277: 276 | B277: Andhra Pradesh | C277: Narsapuram | D277: BHUPATHI RAJU SRINIVASA VARMA (B.J.P.VARMA) | E277: Bharatiya Janata Party | F277: 699382 | G277: 7961 | H277: 707343 | I277: 57.46 | J277: Won
A278: 277 | B278: Andhra Pradesh | C278: Narsapuram | D278: UMABALA GUDURI | E278: Yuvajana Sramika Rythu Congress Party | F278: 426037 | G278: 4504 | H278: 430541 | I278: 34.98 | J278: Lost
A279: 278 | B279: Andhra Pradesh | C279: Narsapuram | D279: K.B.R.NAIDU | E279: Indian National Congress | F279: 34298 | G279: 915 | H279: 35213 | I279: 2.86 | J279: Lost
...

Sheet Won and lost count
R5: ='Won and lost count'!F25 -> 0
E7: Row Labels | F7: Count of Party
E8: Lost | F8: 2
E25: Won Seats | F25: =IFERROR(GETPIVOTDATA("Party",$E$7,"Result","Won"),0) -> 0
E26: Lost Seats | F26: =IFERROR(GETPIVOTDATA("Party",$E$7,"Result","Lost"),0) -> 2

Sheet Total Votes by State
E8: Row Labels | F8: Sum of Total Votes | N8: Row Labels
E9: Telangana | F9: 847 | N9: Goa | O9: =GETPIVOTDATA("Total Votes",'Total Votes by State'!$E$8,"State",N9) -> #REF!
E10: Grand Total | F10: 847 | N10: Andaman & Nicobar Islands | O10: =GETPIVOTDATA("Total Votes",'Total Votes by State'!$E$8,"State",N10) -> #REF!
N11: Andhra Pradesh | O11: =GETPIVOTDATA("Total Votes",'Total Votes by State'!$E$8,"State",N11) -> #REF!
N12: Arunachal Pradesh | O12: =GETPIVOTDATA("Total Votes",'Total Votes by State'!$E$8,"State",N12) -> #REF!
N13: Assam | O13: =GETPIVOTDATA("Total Votes",'Total Votes by State'!$E$8,"State",N13) -> #REF!
N14: Bihar | O14: =GETPIVOTDATA("Total Votes",'Total Votes by State'!$E$8,"State",N14) -> #REF!
N15: Chandigarh | O15: =GETPIVOTDATA("Total Votes",'Total Votes by State'!$E$8,"State",N15) -> #REF!
N16: Chhattisgarh | O16: =GETPIVOTDATA("Total Votes",'Total Votes by State'!$E$8,"State",N16) -> #REF!
N17: Dadra & Nagar Haveli and Daman & Diu | O17: =GETPIVOTDATA("Total Votes",'Total Votes by State'!$E$8,"State",N17) -> #REF!
N18: Gujarat | O18: =GETPIVOTDATA("Total Votes",'Total Votes by State'!$E$8,"State",N18) -> #REF!
N19: Haryana | O19: =GETPIVOTDATA("Total Votes",'Total Votes by State'!$E$8,"State",N19) -> #REF!
N20: Himachal Pradesh | O20: =GETPIVOTDATA("Total Votes",'Total Votes by State'!$E$8,"State",N20) -> #REF!
N21: Jammu and Kashmir | O21: =GETPIVOTDATA("Total Votes",'Total Votes by State'!$E$8,"State",N21) -> #REF!
N22: Jharkhand | O22: =GETPIVOTDATA("Total Votes",'Total Votes by State'!$E$8,"State",N22) -> #REF!
... N44: West Bengal | O44: =GETPIVOTDATA("Total Votes",'Total Votes by State'!$E$8,"State",N44) -> #REF!

Sheet % Vote Share by Party
D7: Row Labels | E7: Sum of Total Votes
D8: Indian National Yuva Jana Party | E8: 1
D9: Grand Total | E9: 1

Sheet Seats Won by Party
D4: Total Seats | E4: =GETPIVOTDATA("Result",$D$9) -> 2
D9: Row Labels | E9: Count of Result
D10: Indian National Yuva Jana Party | E10: 2
D11: Grand Total | E11: 2
L23: ='Seats Won by Party'!E4 -> 2
L24: ='Seats Won by Party'!E4 -> 2

Sheet Dashboard 

Sheet Seats won Count by State
D7: Row Labels | E7: Count of Result
D8: Telangana | E8: 2
D9: Grand Total | E9: 2

Sheet Votes Comparison (EVM vs Postal
D9: Row Labels | E9: Sum of EVM Votes | F9: Sum of Postal Votes
D10: KRANTHI KUMAR BANDELA | E10: 844 | F10: 3
D11: Grand Total | E11: 844 | F11: 3
